{
    "epochs": [
        {
            "epoch": 1,
            "stage": "A",
            "train_loss": 1.4484951908260473,
            "train_acc": 0.44014783116125267,
            "train_f1": 0.3660632803771855,
            "val_loss": 1.30420641521258,
            "val_acc": 0.5017517517517518,
            "val_f1": 0.42184952003032844,
            "learning_rate": 0.001
        }
    ]
}