{
    "epochs": [
        {
            "epoch": 1,
            "stage": "A",
            "train_loss": 1.261186662216612,
            "train_acc": 0.6652791285742073,
            "train_f1": 0.09295800473118482,
            "val_loss": 1.2002115205285095,
            "val_acc": 0.6796796796796797,
            "val_f1": 0.09742888825399468,
            "learning_rate": 0.001
        },
        {
            "epoch": 2,
            "stage": "A",
            "train_loss": 1.100183027162871,
            "train_acc": 0.6913051935421124,
            "train_f1": 0.13431495348269554,
            "val_loss": 1.1893801912665367,
            "val_acc": 0.6811186186186187,
            "val_f1": 0.1517178830470004,
            "learning_rate": 0.001
        },
        {
            "epoch": 3,
            "stage": "A",
            "train_loss": 1.0307273505788754,
            "train_acc": 0.705582571484147,
            "train_f1": 0.1794622414469076,
            "val_loss": 1.1708474868819827,
            "val_acc": 0.6741741741741741,
            "val_f1": 0.1547230048420665,
            "learning_rate": 0.001
        }
    ]
}